POTA reference,official resource,coverage status,2-fer eligibility
US-1253,https://parks.ky.gov/explore/dawkins-line-rail-trail-7831,official resource link; park-specific map not necessarily confirmed,not verified
US-3791,https://www.nps.gov/trte/planyourvisit/maps.htm,official resource link; park-specific map not necessarily confirmed,not verified
US-4572,https://www.nps.gov/lecl/planyourvisit/maps.htm,official resource link; park-specific map not necessarily confirmed,not verified
US-11181,https://www.fs.usda.gov/Internet/FSE_DOCUMENTS/stelprdb5427184.pdf,official resource link; park-specific map not necessarily confirmed,not verified
US-4238,https://www.nps.gov/subjects/nationaltrailssystem/maps.htm,agency directory only,not verified
US-4239,https://www.nps.gov/subjects/nationaltrailssystem/maps.htm,agency directory only,not verified
US-4556,https://www.nps.gov/subjects/nationaltrailssystem/maps.htm,agency directory only,not verified
US-4557,https://www.nps.gov/subjects/nationaltrailssystem/maps.htm,agency directory only,not verified
US-4558,https://www.nps.gov/subjects/nationaltrailssystem/maps.htm,agency directory only,not verified
US-4559,https://www.nps.gov/subjects/nationaltrailssystem/maps.htm,agency directory only,not verified
US-4560,https://www.nps.gov/subjects/nationaltrailssystem/maps.htm,agency directory only,not verified
US-4561,https://www.nps.gov/subjects/nationaltrailssystem/maps.htm,agency directory only,not verified
US-4562,https://www.nps.gov/subjects/nationaltrailssystem/maps.htm,agency directory only,not verified
US-4563,https://www.nps.gov/subjects/nationaltrailssystem/maps.htm,agency directory only,not verified
US-4564,https://www.nps.gov/subjects/nationaltrailssystem/maps.htm,agency directory only,not verified
US-4566,https://www.nps.gov/subjects/nationaltrailssystem/maps.htm,agency directory only,not verified
US-4567,https://www.nps.gov/subjects/nationaltrailssystem/maps.htm,agency directory only,not verified
US-4568,https://www.nps.gov/subjects/nationaltrailssystem/maps.htm,agency directory only,not verified
US-4569,https://www.nps.gov/subjects/nationaltrailssystem/maps.htm,agency directory only,not verified
US-4571,https://www.nps.gov/subjects/nationaltrailssystem/maps.htm,agency directory only,not verified
US-4573,https://www.nps.gov/subjects/nationaltrailssystem/maps.htm,agency directory only,not verified
US-4574,https://www.nps.gov/subjects/nationaltrailssystem/maps.htm,agency directory only,not verified
US-4575,https://www.nps.gov/subjects/nationaltrailssystem/maps.htm,agency directory only,not verified
US-4576,https://www.nps.gov/subjects/nationaltrailssystem/maps.htm,agency directory only,not verified
US-4577,https://www.nps.gov/subjects/nationaltrailssystem/maps.htm,agency directory only,not verified
US-4578,https://www.nps.gov/subjects/nationaltrailssystem/maps.htm,agency directory only,not verified
US-4579,https://www.nps.gov/subjects/nationaltrailssystem/maps.htm,agency directory only,not verified
US-4580,https://www.nps.gov/subjects/nationaltrailssystem/maps.htm,agency directory only,not verified
US-4581,https://www.nps.gov/subjects/nationaltrailssystem/maps.htm,agency directory only,not verified
US-4582,https://www.nps.gov/subjects/nationaltrailssystem/maps.htm,agency directory only,not verified
US-5788,https://www.nps.gov/subjects/nationaltrailssystem/maps.htm,agency directory only,not verified
US-5804,https://www.nps.gov/subjects/nationaltrailssystem/maps.htm,agency directory only,not verified
US-5993,https://www.nps.gov/subjects/nationaltrailssystem/maps.htm,agency directory only,not verified
US-6043,https://www.nps.gov/subjects/nationaltrailssystem/maps.htm,agency directory only,not verified
US-8617,https://www.nps.gov/subjects/nationaltrailssystem/maps.htm,agency directory only,not verified
US-8618,https://www.nps.gov/subjects/nationaltrailssystem/maps.htm,agency directory only,not verified
US-9757,https://www.nps.gov/subjects/nationaltrailssystem/maps.htm,agency directory only,not verified
US-9877,https://www.nps.gov/subjects/nationaltrailssystem/maps.htm,agency directory only,not verified
US-9878,https://www.nps.gov/subjects/nationaltrailssystem/maps.htm,agency directory only,not verified
US-9879,https://www.nps.gov/subjects/nationaltrailssystem/maps.htm,agency directory only,not verified
US-9881,https://www.nps.gov/subjects/nationaltrailssystem/maps.htm,agency directory only,not verified
US-9898,https://www.nps.gov/subjects/nationaltrailssystem/maps.htm,agency directory only,not verified
US-9901,https://www.nps.gov/subjects/nationaltrailssystem/maps.htm,agency directory only,not verified
US-9904,https://www.nps.gov/subjects/nationaltrailssystem/maps.htm,agency directory only,not verified
US-9905,https://www.nps.gov/subjects/nationaltrailssystem/maps.htm,agency directory only,not verified
US-9906,https://www.nps.gov/subjects/nationaltrailssystem/maps.htm,agency directory only,not verified
US-9907,https://www.nps.gov/subjects/nationaltrailssystem/maps.htm,agency directory only,not verified
US-9908,https://www.nps.gov/subjects/nationaltrailssystem/maps.htm,agency directory only,not verified
US-9909,https://www.nps.gov/subjects/nationaltrailssystem/maps.htm,agency directory only,not verified
US-9910,https://www.nps.gov/subjects/nationaltrailssystem/maps.htm,agency directory only,not verified
US-9920,https://www.nps.gov/subjects/nationaltrailssystem/maps.htm,agency directory only,not verified
US-9922,https://www.nps.gov/subjects/nationaltrailssystem/maps.htm,agency directory only,not verified
US-9923,https://www.nps.gov/subjects/nationaltrailssystem/maps.htm,agency directory only,not verified
US-9925,https://www.nps.gov/subjects/nationaltrailssystem/maps.htm,agency directory only,not verified
US-9984,https://www.nps.gov/subjects/nationaltrailssystem/maps.htm,agency directory only,not verified
US-10009,https://www.nps.gov/subjects/nationaltrailssystem/maps.htm,agency directory only,not verified
US-10258,https://www.nps.gov/subjects/nationaltrailssystem/maps.htm,agency directory only,not verified
US-10507,https://www.nps.gov/subjects/nationaltrailssystem/maps.htm,agency directory only,not verified
US-10508,https://www.nps.gov/subjects/nationaltrailssystem/maps.htm,agency directory only,not verified
US-10714,https://www.nps.gov/subjects/nationaltrailssystem/maps.htm,agency directory only,not verified
US-11001,https://www.nps.gov/subjects/nationaltrailssystem/maps.htm,agency directory only,not verified
US-11122,https://www.nps.gov/subjects/nationaltrailssystem/maps.htm,agency directory only,not verified
US-11123,https://www.nps.gov/subjects/nationaltrailssystem/maps.htm,agency directory only,not verified
US-11167,https://www.nps.gov/subjects/nationaltrailssystem/maps.htm,agency directory only,not verified
US-11904,https://www.nps.gov/subjects/nationaltrailssystem/maps.htm,agency directory only,not verified
US-11953,https://www.nps.gov/subjects/nationaltrailssystem/maps.htm,agency directory only,not verified
US-12096,https://www.nps.gov/subjects/nationaltrailssystem/maps.htm,agency directory only,not verified
US-13170,https://www.nps.gov/subjects/nationaltrailssystem/maps.htm,agency directory only,not verified
US-13594,https://www.nps.gov/subjects/nationaltrailssystem/maps.htm,agency directory only,not verified
US-1277,https://parks.ky.gov/parks/find-a-park/cumberland-falls-state-resort-park-7786,official resource link; park-specific map not necessarily confirmed,not verified
US-1286,https://parks.ky.gov/explore/natural-bridge-state-resort-park-7796,official resource link; park-specific map not necessarily confirmed,not verified
