POTA reference,Park name,Latitude,Longitude,Official map link,Link classification,Coverage note
US-0403,Lost Trail National Wildlife Refuge,48.175,-114.907,,not yet matched,Official park-specific map not yet verified
US-1002,Johnson Sauk Trail State Park,41.326,-89.8926,,not yet matched,Official park-specific map not yet verified
US-1007,Lincoln Trail State Park,39.3449,-87.7123,,not yet matched,Official park-specific map not yet verified
US-1253,Dawkins Line Rail Trail State Park,37.7372,-82.8967,https://parks.ky.gov/explore/dawkins-line-rail-trail-7831,official agency resource,Verify the map covers this reference and current access.
US-1301,High Bridge Trail State Park,37.3104,-78.4161,,not yet matched,Official park-specific map not yet verified
US-1310,New River Trail State Park,36.8724,-80.8631,,not yet matched,Official park-specific map not yet verified
US-1502,Hart-Montague Trail State Park,43.6557,-86.4111,,not yet matched,Official park-specific map not yet verified
US-1511,Kal-Haven Trail State Park,42.3255,-85.669,,not yet matched,Official park-specific map not yet verified
US-1513,Mike Levine Lakelands Trail State Park,42.462,-83.9776,,not yet matched,Official park-specific map not yet verified
US-1550,Van Buren Trail State Park,42.2894,-86.253,,not yet matched,Official park-specific map not yet verified
US-1555,White Pine Trail State Park,43.3974,-85.4705,,not yet matched,Official park-specific map not yet verified
US-1766,Katy Trail State Park,38.4685,-93.6234,,not yet matched,Official park-specific map not yet verified
US-1790,Trail of Tears State Park,37.4491,-89.4642,,not yet matched,Official park-specific map not yet verified
US-1990,Scioto Trail State Park,39.2334,-82.9619,,not yet matched,Official park-specific map not yet verified
US-2152,Trail View State Park,40.8133,-73.4703,,not yet matched,Official park-specific map not yet verified
US-2350,Prairie Spirit Trail State Trail,38.2766,-95.2406,,not yet matched,Official park-specific map not yet verified
US-2428,Connecticut River Greenway State Park,42.6134,-72.4983,,not yet matched,Official park-specific map not yet verified
US-2955,Wilson Cumberland Trail State Park,35.2814,-85.1939,,not yet matched,Official park-specific map not yet verified
US-3171,Spokane River Centennial State Trail,47.7766,-117.546,,not yet matched,Official park-specific map not yet verified
US-3203,Palouse to Cascades State Park State Trail,47.432,-121.766,,not yet matched,Official park-specific map not yet verified
US-3222,Lewis and Clark Trail State Park,46.2884,-118.072,,not yet matched,Official park-specific map not yet verified
US-3424,Ice Age Floods National Geologic Trail,47.5866,-119.686,,not yet matched,Official park-specific map not yet verified
US-3608,Blackwater Heritage State Trail,30.6354,-87.0398,,not yet matched,Official park-specific map not yet verified
US-3620,Florida Keys Overseas Heritage Trail State Park,24.8399,-80.7809,,not yet matched,Official park-specific map not yet verified
US-3624,Gainesville-Hawthorne State Trail,29.5873,-82.0893,,not yet matched,Official park-specific map not yet verified
US-3627,General James A. Van Fleet State Trail,28.4547,-81.9218,,not yet matched,Official park-specific map not yet verified
US-3640,Nature Coast State Trail,29.5824,-82.924,,not yet matched,Official park-specific map not yet verified
US-3644,Palatka-St. Augustine State Trail,29.8045,-81.41,,not yet matched,Official park-specific map not yet verified
US-3645,Palatka-to-Lake Butler State Trail,29.7752,-82.0141,,not yet matched,Official park-specific map not yet verified
US-3660,Suwannee River Wilderness State Trail,29.9372,-82.9233,,not yet matched,Official park-specific map not yet verified
US-3661,Tallahassee-St. Marks Historic Railroad State Trail,30.2454,-84.2367,,not yet matched,Official park-specific map not yet verified
US-3667,Withlacoochee State Trail,28.804,-82.3105,,not yet matched,Official park-specific map not yet verified
US-3791,Trail of Tears National Historic Trail,36.8532,-87.4701,https://www.nps.gov/trte/planyourvisit/maps.htm,official agency resource,Verify the map covers this reference and current access.
US-4098,Lincoln Trail Homestead State Park,39.8036,-89.1021,,not yet matched,Official park-specific map not yet verified
US-4157,Trail of Tears State Forest,37.4986,-89.3458,,not yet matched,Official park-specific map not yet verified
US-4186,Big Walnut - Tall Timbers Trail State Nature Preserve,39.7968,-86.7773,,not yet matched,Official park-specific map not yet verified
US-4238,Ice Age National Scenic Trail,44.3527,-89.2137,https://www.nps.gov/subjects/nationaltrailssystem/maps.htm,official directory (not park-specific),Find the individual trail map; coverage is not guaranteed.
US-4239,North Country Trail National Scenic Trail,47.5195,-101.453,https://www.nps.gov/subjects/nationaltrailssystem/maps.htm,official directory (not park-specific),Find the individual trail map; coverage is not guaranteed.
US-4556,Appalachian Trail National Scenic Trail,34.6267,-84.1937,https://www.nps.gov/subjects/nationaltrailssystem/maps.htm,official directory (not park-specific),Find the individual trail map; coverage is not guaranteed.
US-4557,Arizona Trail National Scenic Trail,31.3504,-110.285,https://www.nps.gov/subjects/nationaltrailssystem/maps.htm,official directory (not park-specific),Find the individual trail map; coverage is not guaranteed.
US-4558,Continental Divide Trail National Scenic Trail,32.3252,-108.726,https://www.nps.gov/subjects/nationaltrailssystem/maps.htm,official directory (not park-specific),Find the individual trail map; coverage is not guaranteed.
US-4559,Florida Trail National Scenic Trail,28.2875,-81.4092,https://www.nps.gov/subjects/nationaltrailssystem/maps.htm,official directory (not park-specific),Find the individual trail map; coverage is not guaranteed.
US-4560,Natchez Trace Trail National Scenic Trail,34.3305,-88.71,https://www.nps.gov/subjects/nationaltrailssystem/maps.htm,official directory (not park-specific),Find the individual trail map; coverage is not guaranteed.
US-4561,New England Trail National Scenic Trail,42.7158,-72.2558,https://www.nps.gov/subjects/nationaltrailssystem/maps.htm,official directory (not park-specific),Find the individual trail map; coverage is not guaranteed.
US-4562,Pacific Crest Trail National Scenic Trail,47.4273,-121.421,https://www.nps.gov/subjects/nationaltrailssystem/maps.htm,official directory (not park-specific),Find the individual trail map; coverage is not guaranteed.
US-4563,Pacific Northwest National Scenic Trail,48.6098,-122.426,https://www.nps.gov/subjects/nationaltrailssystem/maps.htm,official directory (not park-specific),Find the individual trail map; coverage is not guaranteed.
US-4564,Potomac Heritage Trail National Scenic Trail,38.6148,-77.2748,https://www.nps.gov/subjects/nationaltrailssystem/maps.htm,official directory (not park-specific),Find the individual trail map; coverage is not guaranteed.
US-4566,California National Historic Trail,38.9943,-94.4833,https://www.nps.gov/subjects/nationaltrailssystem/maps.htm,official directory (not park-specific),Find the individual trail map; coverage is not guaranteed.
US-4567,Captain John Smith Chesapeake National Historic Trail,38.9049,-77.0681,https://www.nps.gov/subjects/nationaltrailssystem/maps.htm,official directory (not park-specific),Find the individual trail map; coverage is not guaranteed.
US-4568,El Camino Real de los Tejas National Historic Trail,31.7084,-93.2927,https://www.nps.gov/subjects/nationaltrailssystem/maps.htm,official directory (not park-specific),Find the individual trail map; coverage is not guaranteed.
US-4569,El Camino Real de Tierra Adentro National Historic Trail,31.8203,-106.563,https://www.nps.gov/subjects/nationaltrailssystem/maps.htm,official directory (not park-specific),Find the individual trail map; coverage is not guaranteed.
US-4571,Juan Bautista de Anza National Historic Trail,31.7459,-111.038,https://www.nps.gov/subjects/nationaltrailssystem/maps.htm,official directory (not park-specific),Find the individual trail map; coverage is not guaranteed.
US-4572,Lewis and Clark National Historic Trail,41.2646,-95.9246,https://www.nps.gov/lecl/planyourvisit/maps.htm,official agency resource,Verify the map covers this reference and current access.
US-4573,Mormon Pioneer National Historic Trail,41.3347,-95.9653,https://www.nps.gov/subjects/nationaltrailssystem/maps.htm,official directory (not park-specific),Find the individual trail map; coverage is not guaranteed.
US-4574,Nez Perce National Historic Trail,46.7468,-114.172,https://www.nps.gov/subjects/nationaltrailssystem/maps.htm,official directory (not park-specific),Find the individual trail map; coverage is not guaranteed.
US-4575,Old Spanish National Historic Trail,38.6163,-109.62,https://www.nps.gov/subjects/nationaltrailssystem/maps.htm,official directory (not park-specific),Find the individual trail map; coverage is not guaranteed.
US-4576,Oregon National Historic Trail,39.3826,-96.4057,https://www.nps.gov/subjects/nationaltrailssystem/maps.htm,official directory (not park-specific),Find the individual trail map; coverage is not guaranteed.
US-4577,Overmountain Victory National Historic Trail,35.1597,-81.4076,https://www.nps.gov/subjects/nationaltrailssystem/maps.htm,official directory (not park-specific),Find the individual trail map; coverage is not guaranteed.
US-4578,Pony Express National Historic Trail,39.7562,-94.8486,https://www.nps.gov/subjects/nationaltrailssystem/maps.htm,official directory (not park-specific),Find the individual trail map; coverage is not guaranteed.
US-4579,Santa Fe National Historic Trail,38.9248,-94.5757,https://www.nps.gov/subjects/nationaltrailssystem/maps.htm,official directory (not park-specific),Find the individual trail map; coverage is not guaranteed.
US-4580,Selma to Montgomery National Historic Trail,32.271,-86.7281,https://www.nps.gov/subjects/nationaltrailssystem/maps.htm,official directory (not park-specific),Find the individual trail map; coverage is not guaranteed.
US-4581,Star-Spangled Banner National Historic Trail,39.2652,-76.5836,https://www.nps.gov/subjects/nationaltrailssystem/maps.htm,official directory (not park-specific),Find the individual trail map; coverage is not guaranteed.
US-4582,Washington-Rochambeau Revolutionary Route National Historic Trail,41.312,-73.9709,https://www.nps.gov/subjects/nationaltrailssystem/maps.htm,official directory (not park-specific),Find the individual trail map; coverage is not guaranteed.
US-4584,Ashton-Tetonia Trail State Park,43.8105,-111.165,,not yet matched,Official park-specific map not yet verified
US-4747,Mohawk Trail State Forest,42.6366,-72.9358,,not yet matched,Official park-specific map not yet verified
US-5448,Scioto Trail State Forest,39.2576,-82.9407,,not yet matched,Official park-specific map not yet verified
US-5560,Long Trail State Forest,44.7037,-72.6804,,not yet matched,Official park-specific map not yet verified
US-5704,Indian Trail State Conservation Area,37.7266,-91.3366,,not yet matched,Official park-specific map not yet verified
US-5718,Flint Hills Trail State Park,38.5037,-95.0115,,not yet matched,Official park-specific map not yet verified
US-5749,Kokopelli's Trail National Recreation Area,39.1777,-108.827,,not yet matched,Official park-specific map not yet verified
US-5787,Hidden Valley Trail State Recreation Area,38.5318,-109.517,,not yet matched,Official park-specific map not yet verified
US-5788,Slickrock Bike National Recreation Trail,38.5756,-109.523,https://www.nps.gov/subjects/nationaltrailssystem/maps.htm,official directory (not park-specific),Find the individual trail map; coverage is not guaranteed.
US-5797,Moab Rim Trail BLM Recreation Management Area,38.5588,-109.583,,not yet matched,Official park-specific map not yet verified
US-5804,Corona Arch BLM National Recreation Trail,38.5743,-109.633,https://www.nps.gov/subjects/nationaltrailssystem/maps.htm,official directory (not park-specific),Find the individual trail map; coverage is not guaranteed.
US-5808,Butler Wash Interpretive Trail BLM Interpretive Site,37.5243,-109.638,,not yet matched,Official park-specific map not yet verified
US-5809,Little Red Mountain BLM Historic Trail,40.558,-109.651,,not yet matched,Official park-specific map not yet verified
US-5818,Magnificent Seven (Mag 7) Trail System BLM Recreation Management Area,38.582,-109.776,,not yet matched,Official park-specific map not yet verified
US-5823,Jewell Tibbets Arch Trail BLM Recreation Management Area,38.6189,-109.839,,not yet matched,Official park-specific map not yet verified
US-5872,Burr Trail BLM Historic Trail,37.5757,-110.712,,not yet matched,Official park-specific map not yet verified
US-5892,Behind the Reef Trail BLM Recreation Management Area,38.5737,-110.907,,not yet matched,Official park-specific map not yet verified
US-5898,Scenic Byway 143 - Utah's Patchwork National Parkway,37.6571,-112.834,,not yet matched,Official park-specific map not yet verified
US-5899,Bellevue Flats Trail Head BLM Recreation Management Area,39.0419,-110.926,,not yet matched,Official park-specific map not yet verified
US-5904,North Caineville Mesa Trail BLM Recreation Management Area,38.4064,-110.977,,not yet matched,Official park-specific map not yet verified
US-5906,Burr Trail Scenic Byway BLM Historic Trail,37.9012,-111.425,,not yet matched,Official park-specific map not yet verified
US-5913,Historic Union Pacific Rail Trail State Park,40.8135,-111.403,,not yet matched,Official park-specific map not yet verified
US-5918,Lower Calf Creek Falls Trail BLM Recreation Management Area,37.7988,-111.412,,not yet matched,Official park-specific map not yet verified
US-5935,Canyons Of Escalante/ Burr Trail BLM Recreation Management Area,37.8631,-111.078,,not yet matched,Official park-specific map not yet verified
US-5982,Tom's Canyon Trail BLM Recreation Management Area,37.0513,-112.52,,not yet matched,Official park-specific map not yet verified
US-5984,Raven/Roadrunner Trail BLM Recreation Management Area,37.0585,-112.527,,not yet matched,Official park-specific map not yet verified
US-5986,Greenhalgh Trail BLM Recreation Management Area,37.0735,-112.539,,not yet matched,Official park-specific map not yet verified
US-5987,Pahvant Valley Heritage Trail BLM Recreation Management Area,39.135,-112.554,,not yet matched,Official park-specific map not yet verified
US-5988,Bunting Trail BLM Recreation Management Area,37.0215,-112.56,,not yet matched,Official park-specific map not yet verified
US-5993,Transcontinental Railroad BCB National Historic Trail,41.5818,-112.638,https://www.nps.gov/subjects/nationaltrailssystem/maps.htm,official directory (not park-specific),Find the individual trail map; coverage is not guaranteed.
US-6013,Short Creek Trail BLM Recreation Management Area,37.0394,-112.94,,not yet matched,Official park-specific map not yet verified
US-6015,Water Canyon Arch Trail BLM Recreation Management Area,37.058,-112.962,,not yet matched,Official park-specific map not yet verified
US-6016,White Domes Trail BLM Recreation Management Area,37.052,-112.965,,not yet matched,Official park-specific map not yet verified
US-6036,North Rim Trail BLM Recreation Management Area,37.1384,-113.208,,not yet matched,Official park-specific map not yet verified
US-6038,Jem Trail BLM Recreation Management Area,37.2005,-113.218,,not yet matched,Official park-specific map not yet verified
US-6039,Cryptobiotic Trail BLM Recreation Management Area,37.1962,-113.235,,not yet matched,Official park-specific map not yet verified
US-6043,Honeymoon Historic Trail National Historic Trail,37.0584,-113.306,https://www.nps.gov/subjects/nationaltrailssystem/maps.htm,official directory (not park-specific),Find the individual trail map; coverage is not guaranteed.
US-6054,Red Reef East Trail BLM Recreation Management Area,37.2292,-113.393,,not yet matched,Official park-specific map not yet verified
US-6055,Cordura Trail BLM Recreation Management Area,37.2086,-113.396,,not yet matched,Official park-specific map not yet verified
US-6056,McMullin Trail BLM Recreation Management Area,37.2092,-113.397,,not yet matched,Official park-specific map not yet verified
US-6057,Prospector Trail BLM Recreation Management Area,39.7479,-112.297,,not yet matched,Official park-specific map not yet verified
US-6061,Silver Reef Trail BLM Recreation Management Area,37.2259,-113.403,,not yet matched,Official park-specific map not yet verified
US-6068,Red Reef Trail BLM Recreation Management Area,37.1893,-113.426,,not yet matched,Official park-specific map not yet verified
US-6082,Lower Graveyard Trail BLM Recreation Management Area,37.1375,-113.677,,not yet matched,Official park-specific map not yet verified
US-6083,Rim Rock Trail BLM Recreation Management Area,37.115,-113.681,,not yet matched,Official park-specific map not yet verified
US-6087,Bloomington Cave (FCRPA) & Trail BLM Recreation Management Area,37.0593,-113.735,,not yet matched,Official park-specific map not yet verified
US-6114,Oregon Trail Ruts State Historic Site,42.257,-104.749,,not yet matched,Official park-specific map not yet verified
US-6134,Indian Bathtubs Trail BLM Recreation Management Area,41.2045,-106.765,,not yet matched,Official park-specific map not yet verified
US-6143,Outlaw Cave Trail BLM Recreation Management Area,43.589,-106.948,,not yet matched,Official park-specific map not yet verified
US-6144,Trail End State Historic Site,44.8039,-106.966,,not yet matched,Official park-specific map not yet verified
US-6153,Lone Tree Trail BLM Recreation Management Area,44.2927,-107.493,,not yet matched,Official park-specific map not yet verified
US-6508,Rinquelin Trail Lake State Conservation Area,38.0889,-92.1523,,not yet matched,Official park-specific map not yet verified
US-6521,Shawnee Trail State Conservation Area,37.4344,-94.5688,,not yet matched,Official park-specific map not yet verified
US-6544,New Jersey Coastal State Trail,40.4267,-73.985,,not yet matched,Official park-specific map not yet verified
US-7366,Trail of the Coeur d'Alene's State Trail,47.5389,-116.345,,not yet matched,Official park-specific map not yet verified
US-7373,Lincoln Trail Memorial State Historic Site,38.6833,-87.5367,,not yet matched,Official park-specific map not yet verified
US-7435,Civil War Trail State Trail,33.8026,-93.3812,,not yet matched,Official park-specific map not yet verified
US-7436,Southwest Trail State Trail,33.7748,-93.683,,not yet matched,Official park-specific map not yet verified
US-7528,Air Line State Trail,41.5783,-72.4925,,not yet matched,Official park-specific map not yet verified
US-7532,Hop River State Trail,41.7791,-72.4354,,not yet matched,Official park-specific map not yet verified
US-7533,Larkin State Trail,41.5125,-73.0655,,not yet matched,Official park-specific map not yet verified
US-7535,Moosup Valley State Trail,41.7134,-71.8803,,not yet matched,Official park-specific map not yet verified
US-7544,Windsor Locks Canal State Trail,41.9866,-72.6051,,not yet matched,Official park-specific map not yet verified
US-7759,David Dill Arrowhead State Trail,47.7824,-92.4173,,not yet matched,Official park-specific map not yet verified
US-7836,Ozark State Trail,37.5638,-91.0424,,not yet matched,Official park-specific map not yet verified
US-8069,Genesee Valley Greenway State Park,43.1058,-77.6784,,not yet matched,Official park-specific map not yet verified
US-8095,Gitchi Gami State Trail,47.1995,-91.3796,,not yet matched,Official park-specific map not yet verified
US-8098,Empire State Trail,42.7539,-73.6897,,not yet matched,Official park-specific map not yet verified
US-8164,George S. Mickelson State Trail,44.3707,-103.729,,not yet matched,Official park-specific map not yet verified
US-8221,Chippewa River State Trail,44.7515,-91.6746,,not yet matched,Official park-specific map not yet verified
US-8222,Red Cedar State Trail,44.7747,-91.935,,not yet matched,Official park-specific map not yet verified
US-8223,Old Abe State Trail,44.9846,-91.3414,,not yet matched,Official park-specific map not yet verified
US-8292,Lagrange to Medford State Trail,45.1159,-68.8167,,not yet matched,Official park-specific map not yet verified
US-8313,Mountains to Sea State Trail,36.0466,-79.0112,,not yet matched,Official park-specific map not yet verified
US-8316,Scenic 7 Byway State Trail,34.9569,-93.1569,,not yet matched,Official park-specific map not yet verified
US-8321,Talimena Scenic Byway State Trail,34.655,-94.2869,,not yet matched,Official park-specific map not yet verified
US-8322,Mount Magazine Scenic Byway State Trail,35.1616,-93.6008,,not yet matched,Official park-specific map not yet verified
US-8323,Ozark Highlands Scenic Byway State Trail,35.9613,-93.4045,,not yet matched,Official park-specific map not yet verified
US-8394,Ashuwillticook Rail Trail State Trail,42.562,-73.1592,,not yet matched,Official park-specific map not yet verified
US-8395,Cape Cod Rail Trail State Trail,41.7502,-70.0714,,not yet matched,Official park-specific map not yet verified
US-8396,Nashua River Rail Trail State Trail,42.6358,-71.5783,,not yet matched,Official park-specific map not yet verified
US-8397,Norwottuck Rail Trail State Trail,42.3425,-72.5969,,not yet matched,Official park-specific map not yet verified
US-8398,Southern New England Trunkline Trail State Trail,42.0589,-71.7141,,not yet matched,Official park-specific map not yet verified
US-8437,Kennebec Highlands State Trail,44.5663,-69.9219,,not yet matched,Official park-specific map not yet verified
US-8524,Bismarck-Deadwood Stage Trail State Historic Site,46.4587,-101.219,,not yet matched,Official park-specific map not yet verified
US-8617,Perea Nature National Recreation Trail,35.5456,-106.782,https://www.nps.gov/subjects/nationaltrailssystem/maps.htm,official directory (not park-specific),Find the individual trail map; coverage is not guaranteed.
US-8618,White Ridge National Recreation Trail,35.4985,-106.841,https://www.nps.gov/subjects/nationaltrailssystem/maps.htm,official directory (not park-specific),Find the individual trail map; coverage is not guaranteed.
US-8672,Great River State Trail,43.9277,-91.2583,,not yet matched,Official park-specific map not yet verified
US-8673,La Crosse River State Trail,43.8896,-90.9859,,not yet matched,Official park-specific map not yet verified
US-9155,Historic Columbia River Highway State Trail,45.7037,-121.487,,not yet matched,Official park-specific map not yet verified
US-9161,Butterfield State Trail,35.2871,-93.4219,,not yet matched,Official park-specific map not yet verified
US-9163,Saracen State Trail,34.2457,-92.0156,,not yet matched,Official park-specific map not yet verified
US-9203,Palmetto State Trail,33.0558,-79.6956,,not yet matched,Official park-specific map not yet verified
US-9373,Paul Bunyan State Trail,47.5332,-94.8246,,not yet matched,Official park-specific map not yet verified
US-9374,Root River State Trail,43.7645,-91.571,,not yet matched,Official park-specific map not yet verified
US-9375,Harmony-Preston State Trail,43.6709,-92.0785,,not yet matched,Official park-specific map not yet verified
US-9376,Shooting Star State Trail,43.5647,-92.7261,,not yet matched,Official park-specific map not yet verified
US-9377,Blazing Star State Trail,43.6425,-93.3225,,not yet matched,Official park-specific map not yet verified
US-9378,Casey Jones State Trail,44.0802,-95.6813,,not yet matched,Official park-specific map not yet verified
US-9379,Sakatah Singing Hills State Trail,44.1985,-93.679,,not yet matched,Official park-specific map not yet verified
US-9380,Mills Town State Trail,44.4287,-93.2074,,not yet matched,Official park-specific map not yet verified
US-9381,Douglas State Trail,44.0588,-92.5189,,not yet matched,Official park-specific map not yet verified
US-9382,Great River Ridge State Trail,44.0214,-92.2554,,not yet matched,Official park-specific map not yet verified
US-9383,Goodhue-Pioneer State Trail,44.2979,-92.6714,,not yet matched,Official park-specific map not yet verified
US-9384,Minnesota Valley State Trail,44.7818,-93.5909,,not yet matched,Official park-specific map not yet verified
US-9385,Gateway Overview State Trail,45.0267,-92.9638,,not yet matched,Official park-specific map not yet verified
US-9386,Browns Creek State Trail,45.0702,-92.8439,,not yet matched,Official park-specific map not yet verified
US-9387,Luce Line State Trail,44.989,-93.4858,,not yet matched,Official park-specific map not yet verified
US-9388,Glacial Lakes State Trail,45.2639,-94.9459,,not yet matched,Official park-specific map not yet verified
US-9389,Central Lakes State Trail,46.0198,-95.6999,,not yet matched,Official park-specific map not yet verified
US-9390,Williard Munger State Trail,46.0182,-92.9446,,not yet matched,Official park-specific map not yet verified
US-9524,Angel's Rest State Trail,45.5602,-122.173,,not yet matched,Official park-specific map not yet verified
US-9528,Banks-Vernonia State Trail,45.7585,-123.202,,not yet matched,Official park-specific map not yet verified
US-9681,Camden Expedition Scenic Highway State Trail,34.1141,-93.0531,,not yet matched,Official park-specific map not yet verified
US-9741,North Bend Rail Trail State Trail,39.2826,-80.9852,,not yet matched,Official park-specific map not yet verified
US-9742,Greenbrier River Trail State Trail,38.1267,-80.1754,,not yet matched,Official park-specific map not yet verified
US-9753,Katy Trail Rock Island Spur State Park,38.5355,-93.5251,,not yet matched,Official park-specific map not yet verified
US-9757,Butterfield Overland National Historic Trail,31.896,-104.827,https://www.nps.gov/subjects/nationaltrailssystem/maps.htm,official directory (not park-specific),Find the individual trail map; coverage is not guaranteed.
US-9762,400 State Trail,43.6402,-90.2123,,not yet matched,Official park-specific map not yet verified
US-9766,Badger State Trail,42.9431,-89.4819,,not yet matched,Official park-specific map not yet verified
US-9768,Bearskin State Trail,45.6368,-89.7016,,not yet matched,Official park-specific map not yet verified
US-9771,Buffalo River State Trail,44.5863,-91.129,,not yet matched,Official park-specific map not yet verified
US-9773,Capital City State Trail,43.0193,-89.3959,,not yet matched,Official park-specific map not yet verified
US-9778,Devil’s River State Trail,44.204,-87.7197,,not yet matched,Official park-specific map not yet verified
US-9783,Elroy-Sparta State Trail,43.8332,-90.6213,,not yet matched,Official park-specific map not yet verified
US-9785,Fox River State Trail,44.4464,-88.0612,,not yet matched,Official park-specific map not yet verified
US-9790,Gandy Dancer State Trail,46.4806,-92.2477,,not yet matched,Official park-specific map not yet verified
US-9792,Glacial Drumlin State Trail,43.0367,-88.8068,,not yet matched,Official park-specific map not yet verified
US-9794,Great Sauk State Trail,43.351,-89.7406,,not yet matched,Official park-specific map not yet verified
US-9796,Green Circle State Trail,44.5551,-89.5492,,not yet matched,Official park-specific map not yet verified
US-9800,Hank Aaron State Trail,43.026,-87.8968,,not yet matched,Official park-specific map not yet verified
US-9804,Military Ridge State Trail,43.024,-89.6227,,not yet matched,Official park-specific map not yet verified
US-9805,Mound View State Trail,42.7336,-90.4619,,not yet matched,Official park-specific map not yet verified
US-9806,Mountain-Bay State Trail,44.5654,-88.0644,,not yet matched,Official park-specific map not yet verified
US-9807,Newton Blackmour State Trail,44.4756,-88.4505,,not yet matched,Official park-specific map not yet verified
US-9809,Oconto River State Trail,44.8841,-88.0425,,not yet matched,Official park-specific map not yet verified
US-9813,Stower Seven Lakes State Trail,45.3034,-92.4309,,not yet matched,Official park-specific map not yet verified
US-9814,Sugar River State Trail,42.7096,-89.4297,,not yet matched,Official park-specific map not yet verified
US-9815,Tomorrow River State Trail,44.4575,-89.498,,not yet matched,Official park-specific map not yet verified
US-9816,Tuscobia State Trail,45.5719,-91.7598,,not yet matched,Official park-specific map not yet verified
US-9819,Wild Rivers State Trail,45.8304,-91.8826,,not yet matched,Official park-specific map not yet verified
US-9821,Wolf River State Trail,45.3045,-88.8533,,not yet matched,Official park-specific map not yet verified
US-9877,Junction and Breakwater National Recreation Trail,38.7199,-75.1114,https://www.nps.gov/subjects/nationaltrailssystem/maps.htm,official directory (not park-specific),Find the individual trail map; coverage is not guaranteed.
US-9878,Northern Delaware Greenway National Recreation Trail,39.7764,-75.5455,https://www.nps.gov/subjects/nationaltrailssystem/maps.htm,official directory (not park-specific),Find the individual trail map; coverage is not guaranteed.
US-9879,Pinelands Nature National Recreation Trail,38.7857,-75.0973,https://www.nps.gov/subjects/nationaltrailssystem/maps.htm,official directory (not park-specific),Find the individual trail map; coverage is not guaranteed.
US-9881,Pomeroy and Newark National Recreation Trail,39.7151,-75.7602,https://www.nps.gov/subjects/nationaltrailssystem/maps.htm,official directory (not park-specific),Find the individual trail map; coverage is not guaranteed.
US-9893,Tunnel Hill State Trail,37.5234,-88.8384,,not yet matched,Official park-specific map not yet verified
US-9898,Mount Vernon National Historic Trail,38.793,-77.0496,https://www.nps.gov/subjects/nationaltrailssystem/maps.htm,official directory (not park-specific),Find the individual trail map; coverage is not guaranteed.
US-9901,Civil War Defenses of Washington National Historic Trail,38.9346,-77.126,https://www.nps.gov/subjects/nationaltrailssystem/maps.htm,official directory (not park-specific),Find the individual trail map; coverage is not guaranteed.
US-9904,Apple Orchard Falls National Recreation Trail,37.5297,-79.5531,https://www.nps.gov/subjects/nationaltrailssystem/maps.htm,official directory (not park-specific),Find the individual trail map; coverage is not guaranteed.
US-9905,Cascades National Recreation Trail,37.3536,-80.5997,https://www.nps.gov/subjects/nationaltrailssystem/maps.htm,official directory (not park-specific),Find the individual trail map; coverage is not guaranteed.
US-9906,Cornelius Creek National Recreation Trail,37.507,-79.5358,https://www.nps.gov/subjects/nationaltrailssystem/maps.htm,official directory (not park-specific),Find the individual trail map; coverage is not guaranteed.
US-9907,First Landing National Recreation Trail,36.9181,-76.0531,https://www.nps.gov/subjects/nationaltrailssystem/maps.htm,official directory (not park-specific),Find the individual trail map; coverage is not guaranteed.
US-9908,Hoop Hole National Recreation Trail,37.7065,-79.8932,https://www.nps.gov/subjects/nationaltrailssystem/maps.htm,official directory (not park-specific),Find the individual trail map; coverage is not guaranteed.
US-9909,Little Stony Creek National Recreation Trail,36.8695,-82.464,https://www.nps.gov/subjects/nationaltrailssystem/maps.htm,official directory (not park-specific),Find the individual trail map; coverage is not guaranteed.
US-9910,Massanutten National Recreation Trail,38.9279,-78.3295,https://www.nps.gov/subjects/nationaltrailssystem/maps.htm,official directory (not park-specific),Find the individual trail map; coverage is not guaranteed.
US-9920,Mount Rogers National Recreation Trail,36.6604,-81.5448,https://www.nps.gov/subjects/nationaltrailssystem/maps.htm,official directory (not park-specific),Find the individual trail map; coverage is not guaranteed.
US-9922,The Lion's Tale National Recreation Trail,38.728,-78.5333,https://www.nps.gov/subjects/nationaltrailssystem/maps.htm,official directory (not park-specific),Find the individual trail map; coverage is not guaranteed.
US-9923,Virginia Creeper National Recreation Trail,36.6222,-81.6451,https://www.nps.gov/subjects/nationaltrailssystem/maps.htm,official directory (not park-specific),Find the individual trail map; coverage is not guaranteed.
US-9925,Wild Oak National Recreation Trail,38.367,-79.1646,https://www.nps.gov/subjects/nationaltrailssystem/maps.htm,official directory (not park-specific),Find the individual trail map; coverage is not guaranteed.
US-9933,Beaches to Bluegrass State Trail,36.6986,-78.6751,,not yet matched,Official park-specific map not yet verified
US-9934,James River Heritage State Trail,37.4072,-79.1124,,not yet matched,Official park-specific map not yet verified
US-9935,Virginia Bird & Wildlife State Trail,38.1063,-77.8235,,not yet matched,Official park-specific map not yet verified
US-9980,Willamette River Greenway and Water State Trail,43.8085,-123.032,,not yet matched,Official park-specific map not yet verified
US-9984,Tualatin River Water National Scenic Trail,45.3939,-122.772,https://www.nps.gov/subjects/nationaltrailssystem/maps.htm,official directory (not park-specific),Find the individual trail map; coverage is not guaranteed.
US-10006,Idaho Centennial Trail State Trail,42.0113,-115.337,,not yet matched,Official park-specific map not yet verified
US-10007,Oregon Coast State Trail,44.8296,-124.058,,not yet matched,Official park-specific map not yet verified
US-10009,Row River National Recreation Trail,43.7776,-123.007,https://www.nps.gov/subjects/nationaltrailssystem/maps.htm,official directory (not park-specific),Find the individual trail map; coverage is not guaranteed.
US-10011,OC&E Woods Line State Trail,42.1809,-121.668,,not yet matched,Official park-specific map not yet verified
US-10031,Elk River Trail State Trail,38.5825,-80.937,,not yet matched,Official park-specific map not yet verified
US-10076,Black River State Trail,43.9896,-75.8312,,not yet matched,Official park-specific map not yet verified
US-10093,Rock Island Trail State Park,41.0615,-89.7686,,not yet matched,Official park-specific map not yet verified
US-10102,Pine Mountain State Trail,37.2386,-82.4597,,not yet matched,Official park-specific map not yet verified
US-10258,Ouachita National National Recreation Trail,34.7741,-93.0879,https://www.nps.gov/subjects/nationaltrailssystem/maps.htm,official directory (not park-specific),Find the individual trail map; coverage is not guaranteed.
US-10303,Pig Trail Scenic Byway State Trail,35.5449,-93.8595,,not yet matched,Official park-specific map not yet verified
US-10355,I-205 Multi-Use State Trail,45.3775,-122.587,,not yet matched,Official park-specific map not yet verified
US-10356,Mountain of the Rogue Trail System BLM Recreation Management Area,42.4178,-123.156,,not yet matched,Official park-specific map not yet verified
US-10398,Chatuge Dam Trail Recreation Park,35.0205,-83.7854,,not yet matched,Official park-specific map not yet verified
US-10400,Trona Pinnacles National Geologic Trail,35.6185,-117.373,,not yet matched,Official park-specific map not yet verified
US-10407,Columbia Plateau State Park Trail State Trail,47.5219,-117.516,,not yet matched,Official park-specific map not yet verified
US-10411,Willapa Hills State Park Trail State Trail,46.6482,-122.972,,not yet matched,Official park-specific map not yet verified
US-10418,Western Heritage National Scenic Byway National Parkway,43.2378,-116.368,,not yet matched,Official park-specific map not yet verified
US-10419,Payette River National Scenic Byway National Parkway,43.8563,-116.22,,not yet matched,Official park-specific map not yet verified
US-10420,Pioneer Historic National Scenic Byway National Parkway,42.0966,-111.877,,not yet matched,Official park-specific map not yet verified
US-10421,International Selkirk Loop National Scenic Byway National Parkway,48.6982,-116.312,,not yet matched,Official park-specific map not yet verified
US-10422,Northwest Passage National Scenic Byway National Parkway,46.6349,-114.579,,not yet matched,Official park-specific map not yet verified
US-10423,Pend Oreille National Scenic Byway National Parkway,48.234,-116.234,,not yet matched,Official park-specific map not yet verified
US-10426,West-Northwest State Trail,34.5698,-94.2353,,not yet matched,Official park-specific map not yet verified
US-10506,Estacada- Boring State Trail,45.4283,-122.376,,not yet matched,Official park-specific map not yet verified
US-10507,Rock Castle Gorge National Recreation Trail,36.7756,-80.3887,https://www.nps.gov/subjects/nationaltrailssystem/maps.htm,official directory (not park-specific),Find the individual trail map; coverage is not guaranteed.
US-10508,Ozark Highlands Trail (OHT) National Historic Trail,35.6946,-94.1184,https://www.nps.gov/subjects/nationaltrailssystem/maps.htm,official directory (not park-specific),Find the individual trail map; coverage is not guaranteed.
US-10512,Verde River Greenway State Natural Area,34.7531,-112.022,,not yet matched,Official park-specific map not yet verified
US-10552,Fox Trail State Conservation Area,30.4136,-82.9635,,not yet matched,Official park-specific map not yet verified
US-10660,Illinois and Michigan Canal State Trail,41.3525,-88.8295,,not yet matched,Official park-specific map not yet verified
US-10706,Klickitat State Park State Trail,45.6978,-121.289,,not yet matched,Official park-specific map not yet verified
US-10714,International Appalachian Trail--Sentier International des Appalaches National Historic Trail,45.9149,-68.7604,https://www.nps.gov/subjects/nationaltrailssystem/maps.htm,official directory (not park-specific),Find the individual trail map; coverage is not guaranteed.
US-10715,True Grit State Trail,35.2388,-93.1804,,not yet matched,Official park-specific map not yet verified
US-10733,Bolt Mountain BLM Historic Trail,42.361,-123.419,,not yet matched,Official park-specific map not yet verified
US-10734,East Applegate Ridge Trail BLM Historic Trail,42.2452,-122.978,,not yet matched,Official park-specific map not yet verified
US-10755,Cathedral Hills Trail System BLM Recreation Management Area,42.394,-123.334,,not yet matched,Official park-specific map not yet verified
US-10757,Sterling Mine Ditch Trail BLM Historic Trail,42.1608,-122.915,,not yet matched,Official park-specific map not yet verified
US-10794,Logan Canyon National Scenic Byway National Parkway,41.8845,-111.563,,not yet matched,Official park-specific map not yet verified
US-10845,Bobcat-Houlihan Trail BLM Recreation Management Area,44.2928,-109.487,,not yet matched,Official park-specific map not yet verified
US-10849,CCC Ponds/Pinedale Pathway BLM Recreation Management Area,42.8958,-109.835,,not yet matched,Official park-specific map not yet verified
US-10860,Four Bear Trail BLM Recreation Management Area,44.4758,-109.415,,not yet matched,Official park-specific map not yet verified
US-10862,Gooseberry Badlands Scenic Overlook Trail BLM Recreation Management Area,44.0067,-108.475,,not yet matched,Official park-specific map not yet verified
US-10876,Lone Tree Trail BLM Recreation Management Area,44.2927,-107.493,,not yet matched,Official park-specific map not yet verified
US-10877,Mallo Trail BLM Recreation Management Area,44.0819,-104.056,,not yet matched,Official park-specific map not yet verified
US-10880,Paintrock Canyon Trail BLM Recreation Management Area,44.282,-107.518,,not yet matched,Official park-specific map not yet verified
US-10886,Salt Lick Trail BLM Recreation Management Area,44.0708,-107.349,,not yet matched,Official park-specific map not yet verified
US-10965,Great Western Trail BLM Historic Trail,38.2514,-111.614,,not yet matched,Official park-specific map not yet verified
US-10966,K-Hill Trail BLM Recreation Management Area,37.0506,-112.518,,not yet matched,Official park-specific map not yet verified
US-10979,Portal Trail BLM Recreation Management Area,38.5565,-109.59,,not yet matched,Official park-specific map not yet verified
US-11001,Gooseberry Mesa National Recreation Trail,37.1444,-113.177,https://www.nps.gov/subjects/nationaltrailssystem/maps.htm,official directory (not park-specific),Find the individual trail map; coverage is not guaranteed.
US-11004,Hurricane Cliffs Trail System BLM Recreation Management Area,37.1955,-113.238,,not yet matched,Official park-specific map not yet verified
US-11005,Wire Mesa Trail BLM Recreation Management Area,37.1329,-113.071,,not yet matched,Official park-specific map not yet verified
US-11009,South Caineville Mesa Trail BLM Recreation Management Area,38.3384,-110.982,,not yet matched,Official park-specific map not yet verified
US-11011,Flying Monkey Trail BLM Recreation Management Area,37.2402,-113.185,,not yet matched,Official park-specific map not yet verified
US-11014,David Dill/Taconite and Taconite State Trails State Trail,47.6689,-93.0315,,not yet matched,Official park-specific map not yet verified
US-11018,Osage National Heritage State Trail,36.6805,-97.001,,not yet matched,Official park-specific map not yet verified
US-11034,Blue Jay Trail Access State Conservation Area,39.4642,-94.101,,not yet matched,Official park-specific map not yet verified
US-11056,Calk Bluff Trail Access State Conservation Area,36.4839,-90.1567,,not yet matched,Official park-specific map not yet verified
US-11121,Government Trail BLM Recreation Management Area,37.4163,-110.085,,not yet matched,Official park-specific map not yet verified
US-11122,General Crook National Recreation Trail,34.3016,-110.895,https://www.nps.gov/subjects/nationaltrailssystem/maps.htm,official directory (not park-specific),Find the individual trail map; coverage is not guaranteed.
US-11123,Highline National Recreation Trail,34.367,-111.155,https://www.nps.gov/subjects/nationaltrailssystem/maps.htm,official directory (not park-specific),Find the individual trail map; coverage is not guaranteed.
US-11127,Arkansas Rocks! Mining & Mineral State Trail,34.0318,-93.5061,,not yet matched,Official park-specific map not yet verified
US-11150,CJ Ramstad North Shore State Trail,46.8651,-92.0697,,not yet matched,Official park-specific map not yet verified
US-11151,Cuyuna Lakes State Trail,46.4648,-94.0425,,not yet matched,Official park-specific map not yet verified
US-11152,Heartland State Trail,47.1524,-94.6403,,not yet matched,Official park-specific map not yet verified
US-11153,Matthew Lourey State Trail,45.8416,-92.7903,,not yet matched,Official park-specific map not yet verified
US-11154,Taconite State Trail,47.6772,-92.6535,,not yet matched,Official park-specific map not yet verified
US-11164,Crowley’s Ridge Parkway National Scenic Byway National Parkway,35.2227,-90.7871,,not yet matched,Official park-specific map not yet verified
US-11167,Little Hole National Scenic Trail,40.9082,-109.416,https://www.nps.gov/subjects/nationaltrailssystem/maps.htm,official directory (not park-specific),Find the individual trail map; coverage is not guaranteed.
US-11176,Rojo Mountain Bike Trail BLM Recreation Management Area,40.5445,-109.588,,not yet matched,Official park-specific map not yet verified
US-11181,Sheltowee Trace National Recreation Trail,37.3012,-84.1426,https://www.fs.usda.gov/Internet/FSE_DOCUMENTS/stelprdb5427184.pdf,official agency resource,Verify the map covers this reference and current access.
US-11305,Wapsipinicon River Water State Trail,41.766,-90.534,,not yet matched,Official park-specific map not yet verified
US-11319,Trail Creek Bridge Recreation Site BLM Recreation Management Area,43.1299,-111.911,,not yet matched,Official park-specific map not yet verified
US-11393,Sylamore Scenic Byway State Trail,35.9596,-92.2008,,not yet matched,Official park-specific map not yet verified
US-11423,Blair Trail Reservoir State Fishing Lake,43.0558,-115.315,,not yet matched,Official park-specific map not yet verified
US-11640,Scipio Trail and Recreation Site,35.0567,-96.0126,,not yet matched,Official park-specific map not yet verified
US-11661,Bar M Trail System BLM Recreation Management Area,38.6577,-109.661,,not yet matched,Official park-specific map not yet verified
US-11730,Paiute  ATV Trail BLM Special Recreation Management Area,38.1667,-112.275,,not yet matched,Official park-specific map not yet verified
US-11745,Thunderbird Canyon Trail System BLM Recreation Management Area,37.6937,-113.031,,not yet matched,Official park-specific map not yet verified
US-11751,Fish & Owl Loop Trail BLM Recreation Management Area,37.4745,-109.818,,not yet matched,Official park-specific map not yet verified
US-11758,Guacamole Trail BLM Recreation Management Area,37.2263,-113.114,,not yet matched,Official park-specific map not yet verified
US-11766,Mansard Trail BLM Recreation Management Area,37.035,-112.423,,not yet matched,Official park-specific map not yet verified
US-11769,Ozark Trail Obelisk Historic Site,35.7241,-96.6984,,not yet matched,Official park-specific map not yet verified
US-11815,La Cueva Non-Motorized Trail System Recreation Site,32.3623,-104.299,,not yet matched,Official park-specific map not yet verified
US-11856,Fonta-Flora State Trail,35.6363,-82.213,,not yet matched,Official park-specific map not yet verified
US-11864,Cherokee Hills Scenic Byway Scenic Site,35.9043,-94.959,,not yet matched,Official park-specific map not yet verified
US-11904,Migizi National Recreation Trail,47.3791,-94.6143,https://www.nps.gov/subjects/nationaltrailssystem/maps.htm,official directory (not park-specific),Find the individual trail map; coverage is not guaranteed.
US-11905,Centennial Trail State Trail,44.4582,-103.436,,not yet matched,Official park-specific map not yet verified
US-11953,St. Francis Scenic Byway National Scenic Trail,34.7743,-90.7572,https://www.nps.gov/subjects/nationaltrailssystem/maps.htm,official directory (not park-specific),Find the individual trail map; coverage is not guaranteed.
US-12001,Trail Creek State Fishing Lake,41.6692,-86.8511,,not yet matched,Official park-specific map not yet verified
US-12063,BLM Pioneer Trail BLM Special Recreation Management Area,42.8983,-112.383,,not yet matched,Official park-specific map not yet verified
US-12096,Great River Road National Scenic Byway National Historic Trail,35.5685,-90.0424,https://www.nps.gov/subjects/nationaltrailssystem/maps.htm,official directory (not park-specific),Find the individual trail map; coverage is not guaranteed.
US-12173,Tabeguache BLM Historic Trail,38.5147,-108.011,,not yet matched,Official park-specific map not yet verified
US-12225,Shoofly Oolite Interpretive Trail BLM Interpretive Site,42.8371,-116.122,,not yet matched,Official park-specific map not yet verified
US-12320,Yadkin River State Trail,35.724,-80.3909,,not yet matched,Official park-specific map not yet verified
US-12375,Catharine Valley State Trail,42.2866,-76.8458,,not yet matched,Official park-specific map not yet verified
US-12382,WAG State Trail,42.0757,-77.9272,,not yet matched,Official park-specific map not yet verified
US-12590,Alien Run Mountain Bike Trail BLM Recreation Management Area,36.8789,-107.901,,not yet matched,Official park-specific map not yet verified
US-12664,Pine Creek Rail Trail State Trail,41.5562,-77.3819,,not yet matched,Official park-specific map not yet verified
US-12717,Deep River State Trail,35.8,-79.7763,,not yet matched,Official park-specific map not yet verified
US-13002,Dan River State Trail,36.475,-79.7501,,not yet matched,Official park-specific map not yet verified
US-13151,Shoshone OHV Trail System BLM Recreation Management Area,40.3122,-117.073,,not yet matched,Official park-specific map not yet verified
US-13170,Bay De Noc/Grand Island National Recreation Trail,45.9315,-86.9187,https://www.nps.gov/subjects/nationaltrailssystem/maps.htm,official directory (not park-specific),Find the individual trail map; coverage is not guaranteed.
US-13171,Betsie Valley State Trail,44.6279,-86.0952,,not yet matched,Official park-specific map not yet verified
US-13172,North Central State Trail,45.6356,-84.4873,,not yet matched,Official park-specific map not yet verified
US-13174,North Eastern State Trail,45.3356,-84.0584,,not yet matched,Official park-specific map not yet verified
US-13176,North Western State Trail,45.7804,-84.7306,,not yet matched,Official park-specific map not yet verified
US-13179,Pere Marquette State Trail,43.8767,-85.5093,,not yet matched,Official park-specific map not yet verified
US-13182,Polly Ann State Trail,42.8396,-83.1818,,not yet matched,Official park-specific map not yet verified
US-13184,Iron Belle State Trail,42.2749,-83.7009,,not yet matched,Official park-specific map not yet verified
US-13195,Jumbo Grade Trailhead BLM Historic Trail,39.2814,-119.739,,not yet matched,Official park-specific map not yet verified
US-13199,Bloody Shins Trail System BLM Recreation Management Area,40.9709,-117.696,,not yet matched,Official park-specific map not yet verified
US-13209,Goldfield Trail BLM Historic Area,37.7219,-117.252,,not yet matched,Official park-specific map not yet verified
US-13229,Arkansas River Water Trail Recreation Park,35.4322,-94.3696,,not yet matched,Official park-specific map not yet verified
US-13245,Flaming Gorge - Green River Basin Scenic Byway - All-American Road National Parkway,41.2709,-109.622,,not yet matched,Official park-specific map not yet verified
US-13259,Great Basin Highway Scenic Byway Scenic Site,39.0275,-114.574,,not yet matched,Official park-specific map not yet verified
US-13262,Mt. Charleston Scenic Byway Area of Outstanding Natural Beauty,36.4764,-115.469,,not yet matched,Official park-specific map not yet verified
US-13265,Mt Rose Scenic Byway Area of Outstanding Natural Beauty,39.3923,-119.768,,not yet matched,Official park-specific map not yet verified
US-13266,North Shore Road Scenic Byway Area of Outstanding Natural Beauty,39.1018,-119.911,,not yet matched,Official park-specific map not yet verified
US-13267,Pyramid Lake Road Scenic Byway Area of Outstanding Natural Beauty,40.0161,-119.631,,not yet matched,Official park-specific map not yet verified
US-13268,Sutcliff-Nixon Rd Scenic Byway Area of Outstanding Natural Beauty,39.8198,-119.367,,not yet matched,Official park-specific map not yet verified
US-13364,Cherokee Trail of Tears State Park,35.407,-85.006,,not yet matched,Official park-specific map not yet verified
US-13461,Upper Illinois River Water Trail State Trail,36.1669,-94.4345,,not yet matched,Official park-specific map not yet verified
US-13490,Flaming Gorge-Uintas Scenic Byway National Parkway,40.7263,-109.469,,not yet matched,Official park-specific map not yet verified
US-13500,Scenic Byway 12 - All American Road - National Parkway,38.0118,-111.371,,not yet matched,Official park-specific map not yet verified
US-13512,Butterfield Trail State Recreation Area,40.7497,-87.8964,,not yet matched,Official park-specific map not yet verified
US-13571,Zion Scenic Byway National Parkway,37.2249,-113.252,,not yet matched,Official park-specific map not yet verified
US-13594,Black Canyon National Recreation Trail,33.9846,-112.169,https://www.nps.gov/subjects/nationaltrailssystem/maps.htm,official directory (not park-specific),Find the individual trail map; coverage is not guaranteed.
US-13595,Northern Recreational State Trail,43.4364,-71.8555,,not yet matched,Official park-specific map not yet verified
